{"cameraMode":{"drawMode":0,"name":"Shaded","section":"Shading Mode"},"sceneLighting":false,"audioPlay":false,"sceneViewState":{"showFog":true,"showMaterialUpdate":false,"showSkybox":false,"showFlares":true,"showImageEffects":true,"showParticleSystems":true},"in2DMode":false,"pivot":{"x":15.232742309570313,"y":5.417405128479004,"z":15.61390209197998},"rotation":{"x":0.11405933648347855,"y":0.39233672618865969,"z":-0.0490998737514019,"w":0.9114009141921997},"size":0.3626849353313446,"orthographic":true}