{"cameraMode":{"drawMode":0,"name":"Shaded","section":"Shading Mode"},"sceneLighting":true,"audioPlay":false,"sceneViewState":{"showFog":true,"showMaterialUpdate":true,"showSkybox":true,"showFlares":true,"showImageEffects":true,"showParticleSystems":true},"in2DMode":false,"pivot":{"x":7.979248046875,"y":-13.550490379333496,"z":27.34744644165039},"rotation":{"x":0.19990435242652894,"y":0.1671939492225647,"z":-0.03463245928287506,"w":0.9648353457450867},"size":38.08878707885742,"orthographic":false}