{"cameraMode":{"drawMode":0,"name":"Shaded","section":"Shading Mode"},"sceneLighting":true,"audioPlay":false,"sceneViewState":{"showFog":true,"showMaterialUpdate":true,"showSkybox":true,"showFlares":true,"showImageEffects":true,"showParticleSystems":true},"in2DMode":false,"pivot":{"x":11.979157447814942,"y":-2.5899999141693117,"z":28.22503089904785},"rotation":{"x":0.16967518627643586,"y":0.1594591587781906,"z":-0.027823494747281076,"w":0.972127377986908},"size":2.8578836917877199,"orthographic":false}